<?xml version="1.0" encoding="UTF-8" standalone="yes"?>
<Properties xmlns="http://schemas.openxmlformats.org/officeDocument/2006/extended-properties" xmlns:vt="http://schemas.openxmlformats.org/officeDocument/2006/docPropsVTypes"><Template>Normal</Template><TotalTime>10</TotalTime><Pages>7</Pages><Words>1139</Words><Characters>6494</Characters><Application>Microsoft Office Word</Application><DocSecurity>0</DocSecurity><Lines>54</Lines><Paragraphs>15</Paragraphs><ScaleCrop>false</ScaleCrop><Company></Company><LinksUpToDate>false</LinksUpToDate><CharactersWithSpaces>7618</CharactersWithSpaces><SharedDoc>false</SharedDoc><HyperlinksChanged>false</HyperlinksChanged><AppVersion>16.0000</AppVersion></Properties>